name,email,age
User1,user1@example.com,21
User2,user2@example.com,22
User3,user3@example.com,23
User4,user4@example.com,24
User5,user5@example.com,25
User6,user6@example.com,26
User7,user7@example.com,27
User8,user8@example.com,28
User9,user9@example.com,29
User10,user10@example.com,30
User11,user11@example.com,31
User12,user12@example.com,32
User13,user13@example.com,33
User14,user14@example.com,34
User15,user15@example.com,35
User16,user16@example.com,36
User17,user17@example.com,37
User18,user18@example.com,38
User19,user19@example.com,39
User20,user20@example.com,40
User21,user21@example.com,41
User22,user22@example.com,42
User23,user23@example.com,43
User24,user24@example.com,44
User25,user25@example.com,45
User26,user26@example.com,46
User27,user27@example.com,47
User28,user28@example.com,48
User29,user29@example.com,49
User30,user30@example.com,50
User31,user31@example.com,51
User32,user32@example.com,52
User33,user33@example.com,53
User34,user34@example.com,54
User35,user35@example.com,55
User36,user36@example.com,56
User37,user37@example.com,57
User38,user38@example.com,58
User39,user39@example.com,59
User40,user40@example.com,60
User41,user41@example.com,61
User42,user42@example.com,62
User43,user43@example.com,63
User44,user44@example.com,64
User45,user45@example.com,65
User46,user46@example.com,66
User47,user47@example.com,67
User48,user48@example.com,68
User49,user49@example.com,69
User50,user50@example.com,70
User51,user51@example.com,25
User52,user52@example.com,26
User53,user53@example.com,27
User54,user54@example.com,28
User55,user55@example.com,29
User56,user56@example.com,30
User57,user57@example.com,31
User58,user58@example.com,32
User59,user59@example.com,33
User60,user60@example.com,34
User61,user61@example.com,35
User62,user62@example.com,36
User63,user63@example.com,37
User64,user64@example.com,38
User65,user65@example.com,39
User66,user66@example.com,40
User67,user67@example.com,41
User68,user68@example.com,42
User69,user69@example.com,43
User70,user70@example.com,44
User71,user71@example.com,45
User72,user72@example.com,46
User73,user73@example.com,47
User74,user74@example.com,48
User75,user75@example.com,49
User76,user76@example.com,50
User77,user77@example.com,51
User78,user78@example.com,52
User79,user79@example.com,53
User80,user80@example.com,54
User81,user81@example.com,55
User82,user82@example.com,56
User83,user83@example.com,57
User84,user84@example.com,58
User85,user85@example.com,59
User86,user86@example.com,60
User87,user87@example.com,61
User88,user88@example.com,62
User89,user89@example.com,63
User90,user90@example.com,64
User91,user91@example.com,65
User92,user92@example.com,66
User93,user93@example.com,67
User94,user94@example.com,68
User95,user95@example.com,69
User96,user96@example.com,70
User97,user97@example.com,71
User98,user98@example.com,72
User99,user99@example.com,73
User100,user100@example.com,74
